{
    "total_requests": 30,
    "successful_requests": 30,
    "failed_requests": 0,
    "total_mrt_time": 72.48187065124512,
    "total_connection_time": 39.59989547729492,
    "requests_per_service": {},
    "cycles": [
        {
            "cycle_index": 0,
            "num_services": 1,
            "messages_sent": 10,
            "valid_responses": 10,
            "mrt_media_ms": 2.279520034790039,
            "desvio_padrao_mrt_ms": 0.7875162763403982,
            "connection_media_ms": 0.23775100708007812,
            "desvio_padrao_conexao_ms": 0.09194386839468986,
            "tempos_mrt_ms": [
                2.343893051147461,
                2.0101070404052734,
                1.802206039428711,
                2.0525455474853516,
                1.48773193359375,
                1.5742778778076172,
                3.7841796875,
                2.2706985473632812,
                3.57818603515625,
                1.8913745880126953
            ],
            "tempos_conexao_ms": [
                0.4851818084716797,
                0.2753734588623047,
                0.18334388732910156,
                0.18453598022460938,
                0.18668174743652344,
                0.19216537475585938,
                0.186920166015625,
                0.2205371856689453,
                0.2295970916748047,
                0.23317337036132812
            ]
        },
        {
            "cycle_index": 1,
            "num_services": 2,
            "messages_sent": 10,
            "valid_responses": 10,
            "mrt_media_ms": 2.6557207107543945,
            "desvio_padrao_mrt_ms": 0.7696325420341809,
            "connection_media_ms": 0.24292469024658203,
            "desvio_padrao_conexao_ms": 0.09448072691902393,
            "tempos_mrt_ms": [
                1.9688606262207031,
                1.8050670623779297,
                1.4009475708007812,
                3.176450729370117,
                3.827810287475586,
                3.400087356567383,
                2.4313926696777344,
                2.9180049896240234,
                3.124713897705078,
                2.5038719177246094
            ],
            "tempos_conexao_ms": [
                0.17690658569335938,
                0.17118453979492188,
                0.23698806762695312,
                0.22125244140625,
                0.49376487731933594,
                0.2932548522949219,
                0.21958351135253906,
                0.21147727966308594,
                0.2079010009765625,
                0.19693374633789062
            ]
        },
        {
            "cycle_index": 2,
            "num_services": 3,
            "messages_sent": 10,
            "valid_responses": 10,
            "mrt_media_ms": 2.312946319580078,
            "desvio_padrao_mrt_ms": 0.8687894203520817,
            "connection_media_ms": 0.3949880599975586,
            "desvio_padrao_conexao_ms": 0.15730407641013683,
            "tempos_mrt_ms": [
                1.4896392822265625,
                1.752614974975586,
                2.400636672973633,
                1.6465187072753906,
                1.27410888671875,
                1.676321029663086,
                3.431081771850586,
                3.402233123779297,
                3.4782886505126953,
                2.5780200958251953
            ],
            "tempos_conexao_ms": [
                0.7097721099853516,
                0.2899169921875,
                0.2040863037109375,
                0.244140625,
                0.30541419982910156,
                0.34689903259277344,
                0.4792213439941406,
                0.3304481506347656,
                0.5037784576416016,
                0.5362033843994141
            ]
        }
    ],
    "all_tempos_mrt_ms": [
        2.343893051147461,
        2.0101070404052734,
        1.802206039428711,
        2.0525455474853516,
        1.48773193359375,
        1.5742778778076172,
        3.7841796875,
        2.2706985473632812,
        3.57818603515625,
        1.8913745880126953,
        1.9688606262207031,
        1.8050670623779297,
        1.4009475708007812,
        3.176450729370117,
        3.827810287475586,
        3.400087356567383,
        2.4313926696777344,
        2.9180049896240234,
        3.124713897705078,
        2.5038719177246094,
        1.4896392822265625,
        1.752614974975586,
        2.400636672973633,
        1.6465187072753906,
        1.27410888671875,
        1.676321029663086,
        3.431081771850586,
        3.402233123779297,
        3.4782886505126953,
        2.5780200958251953
    ],
    "all_tempos_conexao_ms": [
        0.4851818084716797,
        0.2753734588623047,
        0.18334388732910156,
        0.18453598022460938,
        0.18668174743652344,
        0.19216537475585938,
        0.186920166015625,
        0.2205371856689453,
        0.2295970916748047,
        0.23317337036132812,
        0.17690658569335938,
        0.17118453979492188,
        0.23698806762695312,
        0.22125244140625,
        0.49376487731933594,
        0.2932548522949219,
        0.21958351135253906,
        0.21147727966308594,
        0.2079010009765625,
        0.19693374633789062,
        0.7097721099853516,
        0.2899169921875,
        0.2040863037109375,
        0.244140625,
        0.30541419982910156,
        0.34689903259277344,
        0.4792213439941406,
        0.3304481506347656,
        0.5037784576416016,
        0.5362033843994141,
        1.0678768157958984,
        1.2259483337402344,
        0.42724609375,
        0.38552284240722656,
        0.23031234741210938,
        0.9975433349609375,
        0.3345012664794922,
        0.44655799865722656,
        0.5023479461669922,
        0.4024505615234375,
        0.43845176696777344,
        0.6651878356933594,
        0.7398128509521484,
        0.5133152008056641,
        0.44989585876464844,
        0.5366802215576172,
        0.41675567626953125,
        0.3330707550048828,
        0.3440380096435547,
        0.6272792816162109,
        0.5290508270263672,
        0.2999305725097656,
        0.7314682006835938,
        0.24008750915527344,
        0.6206035614013672,
        0.4825592041015625,
        0.2777576446533203,
        3.1943321228027344,
        0.28228759765625,
        0.39505958557128906,
        0.45752525329589844,
        0.5526542663574219,
        0.7832050323486328,
        0.5338191986083984,
        0.3108978271484375,
        0.4010200500488281,
        0.4036426544189453,
        0.2944469451904297,
        0.24771690368652344,
        0.2655982971191406,
        0.3230571746826172,
        0.1804828643798828,
        0.1800060272216797,
        0.2875328063964844,
        0.759124755859375,
        0.3409385681152344,
        0.2574920654296875,
        0.2636909484863281,
        0.20074844360351562,
        0.2307891845703125,
        0.4324913024902344,
        0.5843639373779297,
        0.31256675720214844,
        0.4677772521972656,
        0.3314018249511719,
        0.5323886871337891,
        0.25582313537597656,
        0.18310546875,
        0.3409385681152344,
        0.2551078796386719,
        0.17976760864257812,
        0.17261505126953125,
        0.3161430358886719,
        0.22172927856445312,
        0.3437995910644531,
        0.5009174346923828
    ]
}