{
    "total_requests": 10,
    "successful_requests": 10,
    "failed_requests": 0,
    "total_time": 853.1363010406494,
    "requests_per_service": {},
    "cycles": [
        {
            "cycle_index": 0,
            "num_services": 1,
            "messages_sent": 10,
            "valid_responses": 10,
            "mrt_media_ms": 85.31363010406494,
            "desvio_padrao_ms": 42.15904157791547,
            "tempos_ms": [
                106.71472549438477,
                105.87549209594727,
                106.19354248046875,
                106.0795783996582,
                105.33905029296875,
                103.1198501586914,
                5.212068557739258,
                103.85370254516602,
                5.486011505126953,
                105.26227951049805
            ]
        },
        {
            "cycle_index": 1,
            "num_services": 2,
            "messages_sent": 10,
            "valid_responses": 0,
            "mrt_media_ms": 0.0,
            "desvio_padrao_ms": 0.0,
            "tempos_ms": []
        }
    ]
}