{
    "total_requests": 30,
    "successful_requests": 30,
    "failed_requests": 0,
    "total_time": 1678.0991554260254,
    "requests_per_service": {},
    "cycles": [
        {
            "cycle_index": 0,
            "num_services": 1,
            "messages_sent": 10,
            "valid_responses": 10,
            "mrt_media_ms": 55.96439838409424,
            "desvio_padrao_ms": 52.976128252045505,
            "tempos_ms": [
                5.711793899536133,
                106.03141784667969,
                6.456136703491211,
                107.4373722076416,
                5.7849884033203125,
                105.57842254638672,
                5.137920379638672,
                106.44292831420898,
                5.459785461425781,
                105.60321807861328
            ]
        },
        {
            "cycle_index": 1,
            "num_services": 2,
            "messages_sent": 10,
            "valid_responses": 10,
            "mrt_media_ms": 55.684709548950195,
            "desvio_padrao_ms": 52.761258079055345,
            "tempos_ms": [
                6.641864776611328,
                105.35860061645508,
                5.795001983642578,
                105.80921173095703,
                5.274057388305664,
                105.64541816711426,
                5.691051483154297,
                108.11853408813477,
                4.812002182006836,
                103.70135307312012
            ]
        },
        {
            "cycle_index": 2,
            "num_services": 3,
            "messages_sent": 10,
            "valid_responses": 10,
            "mrt_media_ms": 56.160807609558105,
            "desvio_padrao_ms": 53.23983251472676,
            "tempos_ms": [
                5.235433578491211,
                106.00042343139648,
                5.548954010009766,
                105.86333274841309,
                5.696296691894531,
                109.67874526977539,
                6.160497665405273,
                106.54306411743164,
                5.687475204467773,
                105.1938533782959
            ]
        }
    ]
}