{
    "total_requests": 10,
    "successful_requests": 10,
    "failed_requests": 0,
    "total_time": 555.0150871276855,
    "requests_per_service": {},
    "cycles": [
        {
            "cycle_index": 0,
            "num_services": 1,
            "messages_sent": 10,
            "valid_responses": 10,
            "mrt_media_ms": 55.501508712768555,
            "desvio_padrao_ms": 52.64170007346555,
            "tempos_ms": [
                5.422115325927734,
                105.27753829956055,
                5.61833381652832,
                105.19051551818848,
                5.53584098815918,
                105.82566261291504,
                5.197048187255859,
                105.42607307434082,
                6.035804748535156,
                105.48615455627441
            ]
        },
        {
            "cycle_index": 1,
            "num_services": 2,
            "messages_sent": 10,
            "valid_responses": 0,
            "mrt_media_ms": 0.0,
            "desvio_padrao_ms": 0.0,
            "tempos_ms": []
        },
        {
            "cycle_index": 2,
            "num_services": 3,
            "messages_sent": 10,
            "valid_responses": 0,
            "mrt_media_ms": 0.0,
            "desvio_padrao_ms": 0.0,
            "tempos_ms": []
        }
    ]
}