{
    "total_requests": 10,
    "successful_requests": 10,
    "failed_requests": 0,
    "total_time": 529.224157333374,
    "requests_per_service": {},
    "cycles": [
        {
            "cycle_index": 0,
            "num_services": 1,
            "messages_sent": 10,
            "valid_responses": 10,
            "mrt_media_ms": 52.9224157333374,
            "desvio_padrao_ms": 52.702755946552564,
            "tempos_ms": [
                3.0221939086914062,
                102.6911735534668,
                3.0901432037353516,
                103.29890251159668,
                2.3279190063476562,
                102.95844078063965,
                3.854036331176758,
                102.87046432495117,
                2.335786819458008,
                102.77509689331055
            ]
        },
        {
            "cycle_index": 1,
            "num_services": 2,
            "messages_sent": 10,
            "valid_responses": 0,
            "mrt_media_ms": 0.0,
            "desvio_padrao_ms": 0.0,
            "tempos_ms": []
        },
        {
            "cycle_index": 2,
            "num_services": 3,
            "messages_sent": 10,
            "valid_responses": 0,
            "mrt_media_ms": 0.0,
            "desvio_padrao_ms": 0.0,
            "tempos_ms": []
        }
    ]
}