{
    "total_requests": 90,
    "successful_requests": 90,
    "failed_requests": 0,
    "total_time": 5001.105308532715,
    "requests_per_service": {},
    "cycles": [
        {
            "cycle_index": 0,
            "num_services": 1,
            "messages_sent": 30,
            "valid_responses": 30,
            "mrt_media_ms": 55.82676728566488,
            "desvio_padrao_ms": 50.91419247024968,
            "tempos_ms": [
                7.558584213256836,
                109.5576286315918,
                5.672693252563477,
                105.8800220489502,
                5.0067901611328125,
                105.48210144042969,
                6.771326065063477,
                106.01091384887695,
                5.436897277832031,
                105.06343841552734,
                5.759716033935547,
                105.23629188537598,
                5.644559860229492,
                105.74460029602051,
                5.940675735473633,
                105.43560981750488,
                5.35893440246582,
                105.47900199890137,
                4.973411560058594,
                105.39436340332031,
                6.009578704833984,
                106.05859756469727,
                5.181312561035156,
                105.03602027893066,
                5.455255508422852,
                105.56364059448242,
                6.671667098999023,
                106.9180965423584,
                5.208730697631836,
                105.29255867004395
            ]
        },
        {
            "cycle_index": 1,
            "num_services": 2,
            "messages_sent": 30,
            "valid_responses": 30,
            "mrt_media_ms": 55.11947472890218,
            "desvio_padrao_ms": 50.94983978337397,
            "tempos_ms": [
                5.198478698730469,
                106.63890838623047,
                5.572080612182617,
                104.66170310974121,
                3.2148361206054688,
                102.59366035461426,
                2.5191307067871094,
                102.81133651733398,
                4.631757736206055,
                104.74634170532227,
                6.31260871887207,
                105.63063621520996,
                5.068063735961914,
                105.34787178039551,
                5.209684371948242,
                106.97746276855469,
                5.371570587158203,
                105.70216178894043,
                5.2165985107421875,
                105.3001880645752,
                5.369663238525391,
                105.59988021850586,
                5.635499954223633,
                105.65352439880371,
                5.662441253662109,
                105.2861213684082,
                5.244255065917969,
                105.31854629516602,
                5.324602127075195,
                105.76462745666504
            ]
        },
        {
            "cycle_index": 2,
            "num_services": 3,
            "messages_sent": 30,
            "valid_responses": 30,
            "mrt_media_ms": 55.75726826985677,
            "desvio_padrao_ms": 51.84367212199237,
            "tempos_ms": [
                5.462646484375,
                128.61394882202148,
                5.540609359741211,
                105.70740699768066,
                6.16145133972168,
                106.41217231750488,
                6.161928176879883,
                107.36989974975586,
                5.461931228637695,
                105.28898239135742,
                5.124092102050781,
                105.26823997497559,
                5.691051483154297,
                105.3168773651123,
                5.694866180419922,
                105.21745681762695,
                5.405426025390625,
                105.38911819458008,
                5.442619323730469,
                105.41796684265137,
                5.208015441894531,
                105.0257682800293,
                3.645181655883789,
                103.81793975830078,
                3.262758255004883,
                103.38306427001953,
                3.1654834747314453,
                103.0728816986084,
                3.0946731567382812,
                102.89359092712402
            ]
        }
    ]
}